{
  "lang": "hau",
  "f1_macro": 0.8262408286577472,
  "precision_macro": 0.8647087144920558,
  "recall_macro": 0.7969889437779346,
  "used_dev_labels": false,
  "val_from_train": 0.1,
  "model_name": "bert-base-multilingual-cased"
}