{
  "lang": "eng",
  "f1_macro": 0.736854031027659,
  "precision_macro": 0.7412288786482335,
  "recall_macro": 0.7336904761904761,
  "used_dev_labels": false,
  "val_from_train": 0.1,
  "model_name": "bert-base-uncased"
}