{
  "lang": "arb",
  "f1_macro": 0.7570902716914987,
  "precision_macro": 0.7596143733567047,
  "recall_macro": 0.7622622799872507,
  "used_dev_labels": false,
  "val_from_train": 0.1,
  "model_name": "bert-base-multilingual-cased"
}