lang,f1_macro,precision_macro,recall_macro,used_dev_labels,val_from_train,model_name
amh,0.5101986401813092,0.7735042735042735,0.5387146728610144,False,0.1,bert-base-multilingual-cased
arb,0.7570902716914987,0.7596143733567047,0.7622622799872507,False,0.1,bert-base-multilingual-cased
deu,0.6416740624033983,0.643840579710145,0.641690129674426,False,0.1,bert-base-multilingual-cased
eng,0.736854031027659,0.7412288786482335,0.7336904761904761,False,0.1,bert-base-uncased
hau,0.8262408286577472,0.8647087144920558,0.7969889437779346,False,0.1,bert-base-multilingual-cased
ita,0.5544569993722537,0.5674188695465292,0.558116269591315,False,0.1,bert-base-multilingual-cased
spa,0.6945852860836279,0.6957478005865103,0.6949616648411829,False,0.1,bert-base-multilingual-cased
urd,0.6876442085832949,0.6865111213024535,0.6888714733542319,False,0.1,bert-base-multilingual-cased
zho,0.8433886937952956,0.8436728091459549,0.8433350803633823,False,0.1,bert-base-multilingual-cased
